drop database if exists furama;
create database furama;

use furama;

create table `position` (
	position_id int primary key auto_increment,
    position_name varchar(45)
);

insert into `position` (position_name)
values
	('Receptionist'),
	('Serve'),
	('Expert'),
	('Monitoring'),
	('Manage'),
	('Director');

create table education_degree (
	education_degree_id int primary key auto_increment,
    education_degree_name varchar (45)
);

insert into education_degree (education_degree_name)
values
	('Intermediate'),
	('College'),
	('University'),
	('After University');

create table division (
	division_id int primary key auto_increment,
    division_name varchar (45)
);

insert into division (division_name)
values
	('Sale – Marketing'),
	('Administration'),
	('Serve'),
	('Manage');

create table customer_type (
	customer_type_id int primary key auto_increment,
    customer_type_name varchar (45)
);

insert into customer_type (customer_type_name)
values
	('Diamond'),
	('Platinium'),
	('Gold'),
	('Silver'),
	('Member');

create table rent_type (
	rent_type_id int primary key auto_increment,
    rent_type_name varchar (45),
    rent_type_cost double
);

insert into rent_type (rent_type_name)
values
	('Full Day'),
	('Full Week'),
	('Full Month');

create table service_type (
	service_type_id int primary key auto_increment,
    service_type_name varchar (45)
);

insert into service_type (service_type_name)
values
	('Villa'),
	('House'),
	('Room');

create table attach_service (
	attach_service_id int primary key auto_increment,
    attach_service_name varchar(45),
    attach_service_cost double,
    attach_service_unit int,
    attach_service_status varchar(45)
);

insert into attach_service (attach_service_id, attach_service_name, attach_service_status)
values
	(1, 'massage', 'available'),
	(2, 'karaoke', 'available'),
	(3, 'food', 'available'),
	(4, 'drink', 'available'),
	(5, 'car', 'available');
	

create table `role` (
	role_id int primary key auto_increment,
    role_name varchar(255)
);

insert into `role` (role_name)
values
	('Manager'),
	('Employee');


create table `user` (
	user_name varchar(255) primary key,
    `password` varchar(255)
);

insert into `user` (user_name, `password`)
values
	('Admin', 'ok'),
	('Client', 'notok');

create table user_role (
	role_id int,
    user_name varchar(255)
);

create table customer (
	customer_id varchar(25) primary key,
    customer_name varchar(45),
    customer_birthday date,
    customer_gender varchar(45),
    customer_id_card varchar(45),
    customer_phone varchar(45),
    customer_email varchar(45),
    customer_address varchar(45),
    
    customer_type_id int,
    foreign key (customer_type_id) references customer_type(customer_type_id)
);

insert into customer (customer_id, customer_name, customer_birthday, customer_gender, customer_email, customer_address)
values
	('KH-6789', 'Chau Luong', '1995-05-27', 'Male', 'chauluong@codegym.com', 'Quang Nam'),
	('KH-0515', 'Mai Ho', '1995-05-15', 'Female', 'maiho@codegym.com', 'Da Nang'),
	('KH-0202', 'Lanh Nguyen', '1997-02-02', 'Male', 'lanhnguyen@codegym.com', 'Da Nang'),
	('KH-0606', 'Din Luong', '1996-06-06', 'Male', 'dinluong@codegym.com', 'Quang Ngai'),
	('KH-0902', 'Khanh Nguyen', '1994-09-02', 'Male', 'khanh@codegym.com', 'Da Nang'),
	('KH-0707', 'Vu Nguyen', '1997-07-07', 'Male', 'vunguyen@codegym.com', 'Ha Tinh');

create table service (
	service_id varchar(25) primary key,
    service_name varchar(45),
    service_area int,
    service_cost double,
    service_max_people int,
    standard_room varchar(45),
    description_other_convenience varchar(45),
    pool_area double,
    number_of_floors int,
    
    rent_type_id int,
    foreign key (rent_type_id) references rent_type(rent_type_id),
    
    service_type_id int,
    foreign key (service_type_id) references service_type(service_type_id)
);

insert into service (service_id, service_name, service_area, service_cost, pool_area, rent_type_id, service_type_id)
values
	('DV-6789', 'Villa Vip', 200, 1000, 70, 3, 1),
	('DV-0515', 'House Vip', 100, 500, 25, 3, 2),
	('DV-0202', 'Room Vip', 50, 200, 0, 2, 3),
	('DV-0606', 'House Standard', 75, 250, 15, 2, 2),
	('DV-0902', 'Room Standard', 35, 100, 0, 1, 3);

create table employee (
	employee_id int primary key ,
    employee_name varchar(45),
    employee_birthday date,
    employee_id_card varchar(45),
    employee_salary double,
    employee_phone varchar(45),
    employee_email varchar(45),
    employee_address varchar(45),
    
    position_id int,
    foreign key(position_id) references `position`(position_id),
    
    education_degree_id int,
    foreign key(education_degree_id) references education_degree(education_degree_id),
    
    division_id int,
    foreign key(division_id) references division(division_id),
    
    user_name varchar(255),
    foreign key(user_name) references `user`(user_name)
);

insert into employee (employee_id, employee_name, employee_phone, employee_id_card, employee_birthday, employee_salary, employee_email, employee_address, 
position_id, education_degree_id, division_id, user_name)
values
	('1', 'Phong Tran', '0905052795', '905052795', '1995-05-27', 5000, 'phong@codegym.com', 'Quang Nam', 6, 4, 4, 'Admin'),
	('2', 'Ly Le', '0905051595', '805052795', '1995-05-15', 4500, 'lyle@codegym.com', 'Da Nang', 5, 4, 3, 'Admin'),
	('3', 'Tam Nguyen', '0905020297', '705052795', '1997-02-02', 1000, 'tamnguyen@codegym.com', 'Da Nang', 4, 2, 1, 'Client'),
	('4', 'Giang Ly', '0905060696', '605052795', '1996-06-06', 4500, 'giang@codegym.com', 'Quang Ngai', 3, 4, 3, 'Admin'),
	('5', 'Khoi Huynh', '0905090294', '505052795', '1994-09-02', 3500, 'khoi@codegym.com', 'Da Nang', 2, 4, 2, 'Client'),
	('6', 'Vy Ho', '0905070797', '305052795', '1997-07-07', 1500, 'vyho@codegym.com', 'Ha Tinh', 1, 3, 2, 'Client');

create table contract (
	contract_id varchar(50) primary key ,
    contract_start_date datetime,
    contract_end_date datetime,
    contract_deposit double,
    contract_total_money double,
    
    employee_id int,
    foreign key(employee_id) references employee(employee_id) on delete cascade on update cascade,
    
    customer_id varchar(25),
    constraint fk_customer foreign key(customer_id) references customer(customer_id) on delete cascade on update cascade,
    
    service_id varchar(25),
    constraint fk_service foreign key(service_id) references service(service_id) on delete cascade on update cascade
);

insert into contract (contract_id, contract_start_date, contract_end_date, contract_deposit, employee_id, customer_id, service_id)
values
	(1, '2019-01-01', '2019-02-01', 100, 1, 'KH-6789', 'DV-6789'),
	(2, '2019-01-01', '2019-02-01', 100, 2, 'KH-0202', 'DV-0515'),
	(3, '2019-01-01', '2019-01-08', 100, 3, 'KH-0515', 'DV-0202'),
	(4, '2019-01-01', '2019-01-08', 100, 4, 'KH-0606', 'DV-0606'),
	(5, '2019-01-01', '2019-01-02', 100, 5, 'KH-0902', 'DV-0902');

create table contract_detail (
	contract_detail_id varchar(50) primary key,
    quantity int,
    
    contract_id varchar(50),
    constraint fk_contract foreign key(contract_id) references contract(contract_id),
    
    attach_service_id int,
    foreign key(attach_service_id) references attach_service(attach_service_id)
);

insert into contract_detail (contract_detail_id, quantity, contract_id, attach_service_id)
values
	(1, 1, 1, 1),
	(2, 1, 2, 2),
	(3, 1, 3, 3),
	(4, 1, 4, 4),
	(5, 1, 5, 5);

alter table contract
drop foreign key fk_customer;
 
alter table contract
add constraint fk_customer foreign key(customer_id) references customer(customer_id) on delete cascade
on update cascade;

alter table contract
drop foreign key fk_service;
 
alter table contract
add constraint fk_service foreign key(service_id) references service(service_id) on delete cascade
on update cascade;
 
alter table contract_detail
drop foreign key fk_contract;
 
alter table contract_detail
add constraint fk_contract foreign key(contract_id) references contract(contract_id) on delete cascade
on update cascade;

DELIMITER //
CREATE PROCEDURE find_customer_by_id(id_need_find varchar(25))
BEGIN
	select *
    from customer
    where customer_id = id_need_find;
END //
DELIMITER ;

DELIMITER //
CREATE PROCEDURE find_employee_by_id(id_need_find varchar(25))
BEGIN
	select *
    from employee
    where employee_id = id_need_find;
END //
DELIMITER ;

DELIMITER //
CREATE PROCEDURE delete_customer(id_need_delete varchar(25))
BEGIN
	delete from customer
    where customer_id = id_need_delete;
END //
DELIMITER ;

DELIMITER //
CREATE PROCEDURE update_customer(id_need_update varchar(25), name_need_update varchar(45), birthday_need_update date, gender_need_update varchar(45), 
id_card_need_update varchar(45), phone_need_update varchar(45), email_need_update varchar(45), address_need_update varchar(45), type_id_need_update int)
BEGIN
	update customer
    set customer_name = name_need_update, customer_email = email_need_update, customer_birthday = birthday_need_update, customer_gender = gender_need_update,
    customer_id_card = id_card_need_update,
    customer_phone = phone_need_update, customer_email = email_need_update, customer_address = address_need_update, customer_type_id = type_id_need_update
    where customer_id = id_need_update;
END //
DELIMITER ;

DELIMITER //
CREATE PROCEDURE delete_employee(id_need_delete int)
BEGIN
	delete from employee
    where employee_id = id_need_delete;
END //
DELIMITER ;

DELIMITER //
CREATE PROCEDURE update_employee(id_update int, name_update varchar(45), birthday_update date, id_card_update varchar(45), 
salary_update double, phone_update varchar(45), email_update varchar(45), address_update varchar(45), position_id_update int, 
education_degree_id_update int, division_id_update int, user_name_update varchar(255))
BEGIN
	update employee
    set employee_name = name_update, employee_birthday = birthday_update, employee_id_card = id_card_update, employee_salary = salary_update,
    employee_phone = phone_update, employee_email = email_update, employee_address = address_update, position_id = position_id_update,
    education_degree_id = education_degree_id_update, division_id = division_id_update, user_name = user_name_updatecustomer
    where employee_id = id_update;
END //
DELIMITER ;

select customer.customer_name,contract.contract_id,group_concat(attach_service.attach_service_name) as attach_service
from customer
inner join contract on contract.customer_id=customer.customer_id
left join contract_detail on contract_detail.contract_id=contract.contract_id
left join attach_service on attach_service.attach_service_id=contract_detail.attach_service_id
where contract.contract_end_date>=curdate()
group by customer.customer_id;